{
  "feature_0": {
    "mean": -0.011034839783964592,
    "std": 1.618548150325767,
    "min": -5.814203319975748,
    "max": 4.605668632162393,
    "median": 0.02974678169303624
  },
  "feature_1": {
    "mean": -0.49244710900902366,
    "std": 1.518932809863187,
    "min": -4.258034389016135,
    "max": 5.685693349562584,
    "median": -0.7609293859195584
  },
  "feature_2": {
    "mean": -0.04253066943716193,
    "std": 1.0429538947217123,
    "min": -3.582062607487511,
    "max": 3.2401391486368074,
    "median": -0.030551103811698208
  },
  "feature_3": {
    "mean": 0.6314189196921082,
    "std": 2.806143116020777,
    "min": -8.102613787399028,
    "max": 7.9339442318094475,
    "median": 0.9875187700883492
  },
  "feature_4": {
    "mean": 0.48047179052133004,
    "std": 1.583808781190896,
    "min": -4.661167604779565,
    "max": 5.066061280449542,
    "median": 0.583361083150663
  },
  "feature_5": {
    "mean": 0.45585039158516044,
    "std": 2.0001619159425847,
    "min": -7.298062797917486,
    "max": 7.456969913096969,
    "median": 0.5532230946346576
  },
  "feature_6": {
    "mean": 0.49984473758836917,
    "std": 1.6213581073236294,
    "min": -4.34147718695851,
    "max": 5.608411850136866,
    "median": 0.4490550606551394
  },
  "feature_7": {
    "mean": 0.46905863768969663,
    "std": 1.4897767673580984,
    "min": -3.8892841897956423,
    "max": 6.036792892920811,
    "median": 0.5415609042915388
  },
  "target": {
    "class_distribution": {
      "1": 502,
      "0": 498
    },
    "n_classes": 2
  }
}